{"C4VRrdWCgFrDJrNZl/ESZg==":"ben-bowens-104402-2000x1329.jpg","qRWPuL/IFZQ4oLE2/b5NiA==":"annie-spratt-51436-2000x1056.jpg","U6vKqL8Xavj6trrvS1+JOA==":"mbr-1618x1080.jpg","LxjZr0Hj7+3gX9qjaS7mWg==":"tim-trad-191574-2800x1866.jpg","WuuYi4UNdJQEOzDQ0KWDqQ==":"alexandre-godreau-188906-2800x1866.jpg","WR+SeQS5qgJzG3x0jgnCqg==":"alexandre-godreau-188906.jpg","/H2y26ZQc2JiAQoPSb1hKQ==":"tim-trad-191574.jpg","kRHrrqaTcBEWwR8VZFmbnw==":"isabella-juskova-100382.jpg","CAAP/6lIi3KBaETAUX5m0Q==":"jeremy-bishop-262139.jpg","PWj6o4drz4RcdwAwP/BkBw==":"jeremy-bishop-262140.jpg","botfl0nKqjp3OPOGvdYmKQ==":"isabella-juskova-100383.jpg","FoSy5UoUbHwn2MV4RxvN+g==":"john-salvino-317388.jpg","S6NQDj/mWIm+PLWOuW3rYA==":"forrest-cavale-13484.jpg","xjdIC8t3cgOCeT0rZUeD1A==":"garrett-sears-91351.jpg"}