{"h2OjIFkznaiwSPEFyy7Iyw==":"mbr-1620x1080.jpg","78Jt08pOywP7otM4780jdg==":"mbr-1-1620x1080.jpg","/paZRcpWTD6k+Q7jkTouVg==":"mbr-2-1620x1080.jpg","r/N5svux2RTuPl1lp7IikA==":"jared-sluyter-302613-2000x1333.jpg","/nAQYioq5naDIOCXjicNOA==":"timothy-paul-smith-256424-1200x800.jpg","oo4Kj8k+5lrx49OHTmMziQ==":"mbr-1803x1080.jpg","m1I8X1/rxzeSiTBBEt01vQ==":"mbr-1920x1080.jpg","pecWwxJw2I5mq/qVB0H2sw==":"mbr-3-1620x1080.jpg","VwGxtIKkvQ86paxMbNImSg==":"mbr-720x1080.jpg","3AnCKj8S4Y8Qnysp0m+a5Q==":"mbr-4-1620x1080.jpg","KyS/Jr37v/rz62jqBlD6vQ==":"mbr-1512x1080.jpg","bJp0fDF7DtxwLGcbrCwZHw==":"jeremy-wong-308974-2000x1333.jpg","mQ+XxKANgG3Y6vnOlgjQeQ==":"jeremy-wong-342291-2000x1333.jpg","obrWElo+HivQz7JjDeS6PA==":"everton-vila-140207-2000x1333.jpg","UkIBTithrwAXADXuee+35A==":"bart-larue-314562-2000x1333.jpg","ojoVPOzwOQRUGFsOkgK0Yg==":"christiana-rivers-258740-2000x1286.jpg","bmC/lbgxLJ7GmbI47dL31Q==":"everton-vila-151243-2000x1333.jpg","DZoSWR8GoUZ/H+8/8QhEWg==":"mbr-1618x1080.jpg","OjTjnM7bwVbvwD9M3/U6SA==":"brandon-morgan-15367-2000x1333.jpg","fdHEYFRJ0vvPHBV/g81bwg==":"filip-cernak-1083%20(1)-2000x1333.jpg","b8z/Tc9J9TycFlgZ1mNckg==":"ksenia-kudelkina-7103-2000x1333.jpg","wYmd+12Y7JmSo5jmoSCDmw==":"valerie-ungerer-15254-2000x1333.jpg","wJ/M8y3kkJp4lMBCEGO/uA==":"philippe-toupet-320689-2000x1333.jpg","trYt5yRo72H+WVvmlezMkg==":"elena-prokofyeva-17909%20(1)-2000x1333.jpg","EdNhskrZPS43i4aucBoIOQ==":"ivana-cajina-316246%20(1)-2000x1333.jpg","a39ZY/lSV0xzBYIvRoSv7A==":"paul-jarvis-14-2000x1333.jpg","YY4cWjYcpOgthmJgWjPjUw==":"yoann-boyer-316485-2000x1333.jpg","Dm8Y/tX/jPFzwZq1caaVaA==":"catarina-carvalho-344974-2000x1215.jpg","sT3nK6Vew4lEvSqk060C6g==":"taya-iv-404307-2000x1333.jpg","4luJzbxlgSHxE0BzWKs4cQ==":"matthew-kane-368726_-2000x2666.jpg","upyu8a0yyBhymKZIsUnVAA==":"kipras-streimikis-254469-2000x1333.jpg","z67CPLDxExkkNHu1Ttb8Sg==":"jurica-koletic-317423-2000x1333.jpg","apMS0nK9BgWKzaOl0auGMg==":"max-felner-379612-2000x1333.jpg","4z2j+cf711MYKRMvoL9IPw==":"sweet-ice-cream-photography-386858-2000x1333.jpg","SSBNaGw9fNvpBVSy0Uq3ng==":"matthew-kane-368726_-1999x2666.jpg","Ht8lq/QANMPdiyP+ZMu1ag==":"matthew-kane-368726_-1996x2666.jpg","z5AJWUegT1s2qyV8KxH7Rw==":"mbr-1914x1080.jpg","mOsIizNKDD5mNUrfrMHzww==":"mbr-712x1080.jpg"}