{"C4VRrdWCgFrDJrNZl/ESZg==":"ben-bowens-104402-2000x1329.jpg","qRWPuL/IFZQ4oLE2/b5NiA==":"annie-spratt-51436-2000x1056.jpg","U6vKqL8Xavj6trrvS1+JOA==":"mbr-1618x1080.jpg","LxjZr0Hj7+3gX9qjaS7mWg==":"tim-trad-191574-2800x1866.jpg","WuuYi4UNdJQEOzDQ0KWDqQ==":"alexandre-godreau-188906-2800x1866.jpg","WR+SeQS5qgJzG3x0jgnCqg==":"alexandre-godreau-188906.jpg","/H2y26ZQc2JiAQoPSb1hKQ==":"tim-trad-191574.jpg","kRHrrqaTcBEWwR8VZFmbnw==":"isabella-juskova-100382.jpg","CAAP/6lIi3KBaETAUX5m0Q==":"jeremy-bishop-262139.jpg","PWj6o4drz4RcdwAwP/BkBw==":"jeremy-bishop-262140.jpg","botfl0nKqjp3OPOGvdYmKQ==":"isabella-juskova-100383.jpg","FoSy5UoUbHwn2MV4RxvN+g==":"john-salvino-317388.jpg","S6NQDj/mWIm+PLWOuW3rYA==":"forrest-cavale-13484.jpg","xjdIC8t3cgOCeT0rZUeD1A==":"garrett-sears-91351.jpg","+poWKQ9rniNPlNZVVxs5hQ==":"mbr.jpg","mj1Ioe9ZLP5pont/ZaO/5A==":"geoffrey-arduini-176853.jpg","QbzqI2uPScGh7XU/V9U2AA==":"neonbrand-199264.jpg","Nc2MnluNcoH+10zF+Q9ZMw==":"sam-wheeler-2304.jpg","sDmeZ/yaabnEHuJLtzFZQw==":"ishan-seefromthesky-118523.jpg","RAtoVrADBDAchuTWwJ+9Tw==":"mbr-1.jpg","WqtSDfPvwIQWdUme8Xwsew==":"frank-mckenna-222543.jpg","pA3zUve1aSj2b8qbXvcUhw==":"glen-jackson-301620.jpg","SuufhiGBashilNb6lrvNpw==":"guillaume-bolduc-328118.jpg","558T08ajzV2ldZ/0tqQ0pg==":"user-review.jpg","tpIWZNsU9q7OlZ/n23PZ+w==":"elen-laureano-333976-1.jpg","p2Y3OQbnS4SVfJ7kSwYCZg==":"girl.jpg","iRAMe1UTnBHDO3RwSoCG2A==":"nad-hemnani-58324.jpg","6mRm/7YsiZ/1rI5espGUJw==":"purple11-62749.jpg","Z7A0htRC6XXiD9Vx88+cbA==":"mbr-2.jpg","iLOLO8qSfqUhdMtVXRugCA==":"mbr-3.jpg"}