{"mE5AVrhtfZyG0fW54hIiVQ==":"chuttersnap-262938-1200x800.jpg","3t4lnJ0WLRwOubYMEJoTdg==":"keith-johnston-216356-1200x800.jpg","S7t/oEupPYipQBBONuPsAg==":"riley-mccullough-196374-1200x800.jpg","HGqZATEJcfI9/VQz54rCRA==":"josh-calabrese-179700-1200x800.jpg","8yttMBd2s/Fl33QufZRX2A==":"quino-al-223138-1200x800.jpg","rAJvm4EHIqdvhISF7esd0Q==":"abigail-keenan-17651-1200x800.jpg","0c2ARY4CYnRXF7VtGklYnQ==":"elisha-terada-249885-2000x1333.jpg","tCv3RIsyjtIcF/NP1GjZkQ==":"samuel-zeller-30465-1200x800.jpg","7g9+xuOfJitX1hdKYeqKtQ==":"alexander-dummer-261098-1200x800.jpg","c/TS3f8PxlooO+M1LAkhQA==":"amritanshu-sikdar-253730-1200x800.jpg","ew6pNvueVKDgA6GOEpDQsQ==":"jeffrey-wegrzyn-174135-1200x800.jpg","Gdk3Rkg9aHKGPy/rubuplQ==":"andrea-cau-51160-1200x800.jpg","tVB/fq20WcZRNtn1RNnEIw==":"tobias-keller-104263-1200x800.jpg","YQTOfCSU9NQYPuA5WmhZnA==":"kayla-velasquez-199343-2000x1125.jpg","eH/wshLCeubFMfiDi93VSg==":"bill-wegener-286910-1200x800.jpg","c1O0f47dB4IGqwiIkvUA+A==":"thomas-kelley-82289-1200x800.jpg","Ve0jssOeKLYGSvs/piM7LA==":"alice-donovan-rouse-194653-1200x800.jpg","R4fcCcI1jOzPMTBY2Cr3aw==":"caleb-woods-275754-1200x800.jpg","ruMubAKOyOEheVNCtXyhRQ==":"nathan-dumlao-299032-1200x800.jpg","2qwclAqUodH7DY+ItzA08A==":"priscilla-du-preez-341138-1200x800.jpg","K8mOCooAZxNmsA1Ms4wI9g==":"jason-blackeye-137278-2000x1333.jpg","fs/5xZPfhehjIIN2UDDEsA==":"vlad-tchompalov-219130-1280x662.jpg","G7ppxFmBiA01WEKusq5Vzg==":"01.jpg","EHLXJz30A6msu4l2DcV76A==":"background2.jpg","Fl7PeDnFpHZjVd1w63YlTw==":"malte-wingen-381987-1200x800.jpg","ozEr5yj0cybY6wQmmGUVRA==":"cameron-kirby-92969-1200x800.jpg","8ZiwcyVlwnu5E1ZrMkwJpA==":"malte-wingen-381991-1200x800.jpg"}