{"VsIUjo7Z9fsBfwbTs5ES/w==":"patrick-tomasso-89367-2000x1502.jpg","1bHVMX13fYqPNmy+79jwvw==":"breather-187933-2000x1333.jpg","6rE9P4fNLJCGh5x0MWGfMg==":"nastuh-abootalebi-284883-1997x1333.jpg","q8XVmyiLu9LaY6oe7y+WyQ==":"andrew-neel-218073-1333x2000.jpg","JBoePh7Fbo9pvN/BzBvxvw==":"jonathan-velasquez-384018-1333x2000.jpg","Wl+DB/K1XAwKOd4i5KqhMw==":"mbr-785x1080.jpg","MGckcRhTeW9NUZ5pXz98iw==":"ayo-ogunseinde-316141-3333x3333.jpg","RUyji0wsTxu0RUnPeSDx1A==":"cat-as-a-user-1200x1200.jpg","xcsQW6WaXitZp0L+JoRzLg==":"girl-808x808.jpg","o3sYDQtAgpJszTFnbVk3QQ==":"mike-wilson-253599-2189x2189.jpg","Wbm4ErV4eqDv260aUqWewA==":"tim-gouw-69753-2000x1333.jpg","wD7SA1xIGrnoDth7xMRpHQ==":"patrick-tomasso-89368-2000x1502.jpg","NyQfNhKyOZMZ3j1CTU/v7Q==":"yoann-boyer-316485-1333x1333.jpg","iusui9iQ8/KcsIArazSe6w==":"mbr-1618x1080.jpg","8bE89TcAH/k1lRxWP7dASw==":"jackie-kelly-256889-2000x1333.jpg","AluIqXMD79h3jcJVKDkwyg==":"mbr-1620x1080.jpg","50bMohZTZbkr62hTaJKDBA==":"mbr-1-1620x1080.jpg","js2wHkf4l8V5Jj0lklYIGw==":"mbr-720x1080.jpg","NqDLm1EC/J0Inp/iQlutYQ==":"altagamba-altagamba-385832-5472x3648.jpg","SfeM4dy+xqmdPPU3ZDuyxA==":"cat-as-a-user-1-1200x1200.jpg","KgeYhPCkU/LkAk/NTlpc6Q==":"mbr-2-1620x1080.jpg","089F+EM8lJrV7P0KdEcCQg==":"semir-ahmed-douibi-396656-1600x2400.jpg","Pyrq7/i4VW7OLvk/4QjtIw==":"mike-wilson-253599-2189x2918.jpg","1w0bomt0kCZAHC8IxKdxwg==":"matthew-kane-368726_-1996x2666.jpg","yF6n+GHqxiNbFDOHIrxYjQ==":"rawpixel-com-330235-4004x6000.jpg","Q+0g7kpqKOXw7O+PiVUNxw==":"tanja-heffner-284542-1633x2449.jpg","YbzOay3H/Zvipgs/RQ8nrw==":"drew-graham-332559-3648x5472.jpg","YrK9Ve//Jmzr3b8SxNyBAg==":"drew-graham-332559-1500x2000.jpg","xSCSoQi7rmlRYaL8tOxcww==":"rawpixel-com-330235-1500x2000.jpg","z7YZ6VQj7/DS6YNTWlZxaA==":"mbr-3-1620x1080.jpg"}