{"CkFIMGJ7T2lTA7jAVHsFjw==":"dawid-zawila-275831-2000x1339.jpg","+SIZixQXIHinTO5k0xx+jg==":"rachael-crowe-49784-2000x1333.jpg","fBmKvSwA950Ai4tl4EAXRQ==":"ben-blennerhassett-302015-3464x5242.jpg","CCL4scWDk4/W9UV4UpP0qA==":"ander-burdain-180587-2000x1333.jpg","qN6twVqFf9giFrXD1Q2tXw==":"victor-lozano-227612-2869x3586.jpg","XY/D2YqzYcO6WdMfDft3EQ==":"mbr-1620x1080.jpg","92xmhenqGhjhliiM70v2Zg==":"mbr-1-1620x1080.jpg","6pWPO1WyJp6VlaMJ5KMl9g==":"marjorie-bertrand-107601-2000x3000.jpg","3FXz4lFvYHVp6D4mOLeqCw==":"jason-blackeye-127871-2000x1333.jpg","rcyCC4VmgCFHpCIpNtBThw==":"tim-gouw-130469-1999x1333.jpg","SfsrVvL3tVMEsGK1ZBJcmQ==":"eepeng-cheong-134465-2000x1333.jpg","u3W1vSUKi5doRX1b9tR9TQ==":"catarina-carvalho-344974-1000x1000.jpg","b1M1OiJPaTBwexRbLKQjmQ==":"user-review-1000x1000.jpg","RN+Ipv6Aehjneo5Mm9mLXA==":"user-review2-1000x1000.jpg"}