{"file:///C:/Work/Sites/HotelM4%20Demo":{"assets/images/logo2.png":"/sV2fiSoQn3aUCGDqJ9fGQ==","assets/images/page2-700x1154.jpg":"1+4DQb0Y2klGBWYtUe/fcQ==","assets/images/123-1920x359.jpg":"k+H4Rw9wdnb4ccQKS9D6LQ==","assets/images/page1-700x1154.jpg":"MZARMsWvGqUiCE1LtPYGwA==","assets/images/headers-700x394.jpg":"wucbFZRi+yi5vgfSwuho6Q==","assets/web/assets/jquery/jquery.min.js":"V5Dq1607onOXrt+j0mO4Zw==","assets/web/assets/mobirise-icons/mobirise-icons.eot":"d1DWj4ts/6jfjnda7g4Q2A==","assets/web/assets/mobirise-icons/mobirise-icons.css":"RVE1Au0iQ4C1HCKJDC+/mQ==","assets/web/assets/mobirise-icons/mobirise-icons.svg":"Yp5pSlGdnLgPdQLUa/Yv3w==","assets/web/assets/mobirise-icons/mobirise-icons.woff":"rcbBnBdGlGMmyU5U/bmzjg==","assets/web/assets/mobirise-icons/mobirise-icons.ttf":"sxxNoGToYfNN/LuoyTYkfg==","assets/images/menu-700x394.jpg":"1xNTsJhqOMETr5vJTY0nng==","assets/images/features-700x394.jpg":"JzkHnJ5EzQZs80r2RcGZ4Q==","assets/images/imgsvds-700x394.jpg":"DaOlT0KqzJkGiZXCo03rmQ==","assets/images/sldrsglrs-700x394.jpg":"4+hj4JkU3MHNRpST9esZgw==","assets/images/content-700x394.jpg":"bpfjsacYjCkcMOmz9WTLRA==","assets/images/pricing-tables-700x394.jpg":"qf9MANItW8IGmBUVyPwYzg==","assets/images/forms-700x394.jpg":"LsfGztrFMpp/CKkPibKY/g==","assets/images/togglesaccordions-700x394.jpg":"TN1G8bRWsKkgivOz7kFAEg==","assets/images/info-700x394.jpg":"IQq+NJGZgmS2Q2jAdlJ46Q==","assets/images/testimonialsteams-700x394.jpg":"+bHrhIyS5Xf6uMQRWXxwzA==","assets/images/maps-700x394.jpg":"n50UPCbbf4ccdpoLkpJSbw==","assets/images/logo-128x128.png":"/fFvJ4r+tCxUR6A2dJ6q1w==","assets/images/footers-700x394.jpg":"lhPP0OGWwip8LiOgPYF+dA==","assets/images/background6.jpg":"VcOydi4NQdVcxeDLJYmofg==","assets/images/04.jpg":"fh6sA4MljtgCcTtfSQCE5A==","assets/images/02.jpg":"jwmNakfTff2fNVJX7PrdoA==","assets/images/01.jpg":"mCBlHbCZIsVrQXHWM/wvOg==","assets/images/03.jpg":"dzMVOS7mmKbz0sKRDb3mrA==","assets/images/05.jpg":"XisDMX379REDa/U4CkmD/A==","assets/images/07.jpg":"GQZDMs122nBMbsadHdn3nw==","assets/images/08.jpg":"df7MtsnmpVm/MqiF+38WlQ==","assets/images/09.jpg":"Ze7jIlmmwiakwh+CTDTvUw==","assets/images/face4.jpg":"re1TsEe9QTKpCa+v8D8AKw==","assets/images/face6.jpg":"RWQTdwJ6B4FsGDNrivwIbg==","assets/images/face1.jpg":"A4KkNMRzmIyNlOSAxktXhg==","assets/images/face2.jpg":"w4q1TArB5sZyM0Y0Ohb2eg==","assets/images/13-1920x1272.jpg":"gV4RhuDF7hIlfFcRz9C7Qg==","assets/images/12.jpg":"I8QvCuemxGgHJrOYXwD2fQ==","assets/images/face3.jpg":"pWsF7oE8ssnRr1MsYMMgGw==","assets/images/11.jpg":"Rvvr6rnvxVfYTgZNGp2MCQ==","assets/images/10.jpg":"Gz2ccuwtWt89gUAdykLYOA==","assets/images/06.jpg":"dvr/ieSYVt10Xgv3urwn5w==","assets/images/background3.jpg":"Nw11YNYMNnXQgyHucnIh5w==","assets/images/background16-1920x1283.jpg":"NJwCswxgmjS2DDQ48A0H8Q==","assets/images/background1.jpg":"0HPY1vYYPBBaJxER4bEWzA==","assets/images/background5.jpg":"dS6p5XtDI8ww+m8jzP7X8Q==","assets/images/background7.jpg":"SHUmuvWPvukpdA1ertOEOg==","assets/images/background8.jpg":"DAmdGLyXkWXtPFU7AdLEpg==","assets/images/background10.jpg":"mUqJWrVKt8SiInHbUq+HWg==","assets/images/background11.jpg":"rOVsZ7Omu8wLPlF9oGdl7g==","assets/images/background9.jpg":"OnXT6enbAXWv31OPQcmiXg==","assets/tether/tether.min.css":"YhVaOUjL8Xsb9LQHyQq4Tw==","assets/popper/popper.min.js":"NiE4ESlZe/NNSKniYj4FyQ==","assets/tether/tether.min.js":"PlC291/0Eo8keLHUT4D9+w==","assets/bootstrap/css/bootstrap.min.css":"RQ/EY7ixo0nfcXBW+7PgeA==","assets/soundcloud-plugin/style.css":"wLHkKf+/d2qrUw3ao5npxQ==","assets/smoothscroll/smooth-scroll.js":"+VAxy5J347mUI4YSmrGfyA==","assets/playervimeo/vimeo_player.js":"fnHZOfIQB+kVs37Lx7EYlA==","assets/bootstrap/js/bootstrap.min.js":"FNRJ64h2+lXh7zwsxSsMFw==","assets/parallax/jarallax.min.js":"lgPnhpb6UHWR10D5+gD9+g==","assets/bootstrap/css/bootstrap-grid.min.css":"a6LeNNuqhRu1LJbHvTM1Lg==","assets/bootstrap/css/bootstrap-reboot.min.css":"TlWTM3JQaaM6nQ8zh2UupQ==","assets/mbr-popup-btns/mbr-popup-btns.js":"Z8yD85jyGaqovWRHN54W7Q==","assets/sociallikes/social-likes.js":"dmDdKH9Rx9zkxycKa+46TQ=="}}