{"xWwofU6AuTlDyhvY5A7zwg==":"brian-babb-256298-2000x1333.jpg","aBldmoJpAUl2H7+hkZcWCw==":"aldric-rivat-327196-2000x1333.jpg","cuMVzTUrA9kgo058B/EJzg==":"liliane-limpens-17371-2000x1333.jpg","qTLK8fg40N0AUI6VH5X60g==":"ian-dooley-331063-2000x1333.jpg","zyRcysudPdUoZ+GSoLT9ig==":"hannah-busing-310234-5760x3840.jpg","1FrhvUJFXjBdSF+eWj0Xxg==":"breather-196135-4928x3280.jpg","jw7Ib2RzXWMMKqCD/MxEVg==":"liana-mikah-343238-6720x4480.jpg","v6vsQ8DDu0mUCr2v1rQRMA==":"colin-maynard-138246-2500x1667.jpg","TJVG8FcV172jXo5TWUjZZg==":"joel-filipe-166058-2000x2831.jpg","Oh2DWBsbnRCIQsDCcRYYIw==":"jon-flobrant-229724-2000x2123.jpg","AahJbfp3dtnyflCOX2oPcw==":"mbr-1620x1080.jpg","AQ1xB8hh5EPryFf/AShI4g==":"bob-ricca-122708-2000x1330.jpg","iAt2EvZ0IV54W2eJtCEYDA==":"adam-birkett-191377-1200x1800.jpg","CDt++Lc3JUi0IBmYR/BJEw==":"norbert-levajsics-202945-2000x1333.jpg","arC4/L1Gp7HsaNvW+PgyDQ==":"ian-dooley-331064-2000x1333.jpg","zhjZPaEKiVg8TzWSc1fT4g==":"hannah-busing-310234-2000x1333.jpg","TCxsE6RnwGkvhWGf3qSAMw==":"annie-spratt-260027-1200x1549.jpg","k7LWppaWLRl6h08ZSwAoWg==":"imani-clovis-89444-2000x3278.jpg","IVs2K9R8B8nr0e/sKGZLXA==":"social-1280x1024.jpg","sHxeHCINJ9tzltDiqpW+HA==":"background1.jpg","JStnQ98a28j626jr8S5PUg==":"tables-1280x1024.jpg","2ZaIkmLEEc033I/ptwde9Q==":"footers-1280x1024.jpg","G7ppxFmBiA01WEKusq5Vzg==":"01.jpg","EHLXJz30A6msu4l2DcV76A==":"background2.jpg","QpBDgGQzOzJwFGmdJlIYaw==":"breather-163392-2000x1334.jpg","XmRA81Xw+RUlZGsrtu4nWQ==":"mbr-1618x1080.jpg","0BzG1RNvFCSFKi0VhYgnyw==":"mc-jefferson-agloro-186548-2800x1866.jpg","Cl70xP0s8iif2eDxIduqYQ==":"breather-196135-2800x1863.jpg","hCEPQPcO338+ECPASg3PFA==":"imani-clovis-89444-2769x4539.jpg","hwCJA9FOtCkAyntTR44AXQ==":"breather-163403-5616x3744.jpg","AvCb7dPz4CPIXqDMFO1NiQ==":"breather-7169-2000x1335.jpg","G5Vk3lx5adxgDMN3mk12TA==":"liana-mikah-343238-2000x1333.jpg"}