{"file:///C:/Work/Sites/Cafe":{"assets/web/assets/jquery/jquery.min.js":"V5Dq1607onOXrt+j0mO4Zw==","assets/web/assets/mobirise-icons-bold/mobirise-icons-bold.css":"+MUj5gGsY9BhsBEaUxLHhw==","assets/web/assets/mobirise-icons-bold/mobirise-icons-bold.eot":"Sksg//CGhBJJQpIeycYzFA==","assets/web/assets/mobirise-icons-bold/mobirise-icons-bold.svg":"/6YZxrduGdMApfjQkLfW0g==","assets/web/assets/mobirise-icons-bold/mobirise-icons-bold.ttf":"Qvk3o2PlPgoJeppneihpNQ==","assets/web/assets/mobirise-icons-bold/mobirise-icons-bold.woff":"WKqhkmZeh8KpD1Tlv7dpEQ==","assets/web/assets/mobirise-icons/mobirise-icons.css":"RVE1Au0iQ4C1HCKJDC+/mQ==","assets/web/assets/mobirise-icons/mobirise-icons.eot":"d1DWj4ts/6jfjnda7g4Q2A==","assets/web/assets/mobirise-icons/mobirise-icons.svg":"Yp5pSlGdnLgPdQLUa/Yv3w==","assets/web/assets/mobirise-icons/mobirise-icons.ttf":"sxxNoGToYfNN/LuoyTYkfg==","assets/web/assets/mobirise-icons/mobirise-icons.woff":"rcbBnBdGlGMmyU5U/bmzjg==","assets/images/background11-1920x1269.jpg":"EkaM8LQKx/dTuqbXBslFzQ==","assets/images/quickorder-301139-1200x800.jpg":"+wzti6Ai9dM0GNNW9/xQDQ==","assets/images/katlyn-giberson-185277-1200x900.jpg":"xAzXVKGVrB1tptRToUwfTg==","assets/images/face5.jpg":"VL6UnZqIwi8oxk+9xCEUuQ==","assets/images/face6.jpg":"AiEFHfjblx0dlAKNfWU+8A==","assets/images/face7.jpg":"c+HPjNeAyGCVs3qjMncNRA==","assets/images/redd-angelo-32872-1200x800.jpg":"Tmj+dbpz0TXkwNbKpFW+uQ==","assets/images/tim-arterbury-101472-1200x800.jpg":"9xhfu7oftGqoVL+mt0Fb2g==","assets/images/nathan-dumlao-314125-1920x1280.jpg":"on7Tc0umyGzqFi1u1quu5g==","assets/images/background11.jpg":"4xdR5hEA8TMBgp607kFUbg==","assets/images/nathan-dumlao-314124-1920x1280.jpg":"zWzw9U1WD81M+9hdsIgFKA==","assets/images/izzie-r-418251-1920x1920.jpg":"eRQFjHpQePKr3ciSJbBoag==","assets/bootstrap/css/bootstrap-grid.min.css":"a6LeNNuqhRu1LJbHvTM1Lg==","assets/bootstrap/css/bootstrap.min.css":"RQ/EY7ixo0nfcXBW+7PgeA==","assets/theme/css/style.css":"/ZqC7vKtWjEN8vJ+ZeMBeg==-VITbTf54ezV7Z7I/e4lZVw==","assets/popper/popper.min.js":"NiE4ESlZe/NNSKniYj4FyQ==","assets/bootstrap/js/bootstrap.min.js":"FNRJ64h2+lXh7zwsxSsMFw==","assets/bootstrap/css/bootstrap-reboot.min.css":"TlWTM3JQaaM6nQ8zh2UupQ==","assets/smoothscroll/smooth-scroll.js":"+VAxy5J347mUI4YSmrGfyA==","assets/dropdown/css/style.css":"xTa1P4InCVdfjHDkJmQ+mQ==","assets/dropdown/js/script.min.js":"XKwdlgq/KqgA8/xiKfaAVw==","assets/soundcloud-plugin/style.css":"wLHkKf+/d2qrUw3ao5npxQ==","assets/parallax/jarallax.min.js":"lgPnhpb6UHWR10D5+gD9+g==","assets/bootstrapcarouselswipe/bootstrap-carousel-swipe.js":"1NIoKK0GehKy3z7Pjjpsjw==","assets/mbr-testimonials-slider/mbr-testimonials-slider.js":"hIDwX4YFV3MhTcax0wnuUA==","assets/ytplayer/jquery.mb.ytplayer.min.js":"i8CJPBUR+nNfbyF+eCoBkw==","assets/vimeoplayer/jquery.mb.vimeo_player.js":"h/KYdzVTc1SdXKBMxj/4DQ==","assets/sociallikes/social-likes.js":"dmDdKH9Rx9zkxycKa+46TQ==","assets/mbr-flip-card/mbr-flip-card.js":"p26DQgQdspeU2A8Mo22jdQ==","assets/socicon/css/styles.css":"CJiiT9PQDkx8b/7uvhdvqA==","assets/socicon/fonts/socicon.woff":"n3NmYDMK3z2OXXC2s0nxxw==","assets/formoid/formoid.min.js":"LS3ZNNEFXEEIXvN30NLGPw==","assets/socicon/fonts/socicon.ttf":"1n97zWg+ogcaXBgcQsNnBA==","assets/touchswipe/jquery.touch-swipe.min.js":"9g/wVGnRdXmW2F9BctT/TQ==","assets/socicon/fonts/socicon.svg":"o1tldE9Vf6tUJOmbttTpgA==","assets/socicon/fonts/socicon.eot":"XHkUXqWN9KkbI2JOr7etKQ=="}}